{
   "info": {
      "Group": "A-1L-60D",
      "Filename": "A-1L-6U-11F-7V-60D-a",
      "Runtime": 60,
      "Current time": "2023-02-20 22:00:28"
   },
   "vars": {
      "x": {
         "x[AD-1,ART_START,0,ART_START,62]": 1.0,
         "x[AD-1,FU,28,DESCON_3,40]": 2.726225212106635e-13,
         "x[AD-2,ART_START,0,DESCON_3,1]": 1.0,
         "x[AD-2,DESCON_3,1,AD-2-M,61]": 1.0,
         "x[AD-2,AD-2-M,61,0,62]": 1.0,
         "x[AD-3,ART_START,0,DESCON_1,1]": 1.0,
         "x[AD-3,DESCON_1,1,FU,8]": 1.0,
         "x[AD-3,FU,8,DESCON_1,15]": 1.0,
         "x[AD-3,DESCON_1,15,FU,34]": 1.0,
         "x[AD-3,DESCON_4,51,ART_START,62]": 1.0,
         "x[AD-3,FU,34,DESCON_4,51]": 1.0,
         "x[AD-4,ART_START,0,AD-4-start,1]": 1.0,
         "x[AD-4,AD-4-start,1,FU,22]": 1.0,
         "x[AD-4,FU,22,DESCON_1,30]": 1.0,
         "x[AD-4,DESCON_1,30,FU,47]": 1.0,
         "x[AD-4,DESCON_3,60,ART_START,62]": 1.0,
         "x[AD-4,FU,47,DESCON_3,60]": 1.0,
         "x[AD-5,ART_START,0,DESCON_1,1]": 1.0,
         "x[AD-5,DESCON_1,1,FU,13]": 1.0,
         "x[AD-5,DESCON_2,30,ART_START,62]": 1.0,
         "x[AD-5,FU,13,DESCON_2,30]": 1.0,
         "x[AD-6,ART_START,0,ART_START,62]": 1.0,
         "x[AD-7,ART_START,0,DESCON_4,2]": 1.0,
         "x[AD-7,DESCON_4,2,FU,26]": 1.0,
         "x[AD-7,FU,26,DESCON_4,41]": 2.896354931409315e-13,
         "x[AD-7,FU,26,DESCON_1,33]": 1.0,
         "x[AD-7,DESCON_2,60,ART_START,62]": 1.0,
         "x[AD-7,DESCON_1,33,FU,44]": 1.0,
         "x[AD-7,FU,44,DESCON_2,60]": 1.0
      },
      "s": {
         "s[FU,1]": 90000.0,
         "s[FU,2]": 130000.0,
         "s[FU,3]": 170000.0,
         "s[FU,4]": 210000.0,
         "s[FU,5]": 79999.99999999959,
         "s[FU,6]": 119999.99999999959,
         "s[FU,7]": 159999.9999999996,
         "s[FU,8]": 51999.99999999959,
         "s[FU,9]": 91999.99999999971,
         "s[FU,10]": 132000.0,
         "s[FU,11]": 172000.0,
         "s[FU,12]": 212000.0,
         "s[FU,13]": 94000.0,
         "s[FU,14]": 134000.0,
         "s[FU,15]": 173999.99999999953,
         "s[FU,16]": 77999.99999999962,
         "s[FU,17]": 117999.99999999974,
         "s[FU,18]": 157999.99999999983,
         "s[FU,19]": 197999.9999999999,
         "s[FU,20]": 238000.0,
         "s[FU,21]": 278000.0,
         "s[FU,22]": 172000.0,
         "s[FU,23]": 212000.0,
         "s[FU,24]": 251999.9999999986,
         "s[FU,25]": 291999.9999999986,
         "s[FU,26]": 157999.99999994814,
         "s[FU,27]": 59999.999999946886,
         "s[FU,28]": 99999.99999990182,
         "s[FU,29]": 140000.00000000012,
         "s[FU,30]": 180000.00000000012,
         "s[FU,31]": 220000.00000000012,
         "s[FU,32]": 260000.00000000012,
         "s[FU,33]": 300000.0,
         "s[FU,34]": 192000.0,
         "s[FU,35]": 232000.00000000003,
         "s[FU,36]": 116999.99999999968,
         "s[FU,37]": 156999.99999999977,
         "s[FU,38]": 196999.99999999985,
         "s[FU,39]": 237000.0,
         "s[FU,40]": 277000.0,
         "s[FU,41]": 150000.0,
         "s[FU,42]": 190000.0,
         "s[FU,43]": 230000.0,
         "s[FU,44]": 96000.0,
         "s[FU,45]": 136000.0,
         "s[FU,46]": 176000.0,
         "s[FU,47]": 70000.0,
         "s[FU,48]": 109999.9999999991,
         "s[FU,49]": 149999.9999999993,
         "s[FU,50]": 189999.99999999962,
         "s[FU,51]": 229999.99999999983,
         "s[FU,52]": 135000.0,
         "s[FU,53]": 175000.00000000006,
         "s[FU,54]": 215000.0,
         "s[FU,55]": 255000.0,
         "s[FU,56]": 117000.0,
         "s[FU,57]": 157000.0,
         "s[FU,58]": 197000.0,
         "s[FU,59]": 70000.0,
         "s[FU,60]": 110000.0,
         "s[FU,61]": 50000.0,
         "s[DI,1]": 120000.0,
         "s[DI,2]": 139999.9999999996,
         "s[DI,3]": 159999.99999999962,
         "s[DI,4]": 179999.9999999997,
         "s[DI,5]": 200000.0,
         "s[DI,6]": 220000.0,
         "s[DI,7]": 240000.0,
         "s[DI,8]": 80000.0,
         "s[DI,9]": 100000.0,
         "s[DI,10]": 120000.0,
         "s[DI,11]": 140000.0,
         "s[DI,12]": 160000.0,
         "s[DI,13]": 180000.0,
         "s[DI,14]": 200000.0,
         "s[DI,15]": 220000.0,
         "s[DI,16]": 104000.0,
         "s[DI,17]": 124000.0,
         "s[DI,18]": 33372.708757637185,
         "s[DI,19]": 53372.7087576373,
         "s[DI,20]": 73372.7087576373,
         "s[DI,21]": 93372.7087576373,
         "s[DI,22]": 113372.7087576373,
         "s[DI,23]": 133372.7087576373,
         "s[DI,24]": 153372.7087576373,
         "s[DI,25]": 173372.7087576373,
         "s[DI,26]": 193372.7087576373,
         "s[DI,27]": 75372.70875763721,
         "s[DI,28]": 95372.70875763721,
         "s[DI,29]": 115372.70875763721,
         "s[DI,30]": 135372.7087576373,
         "s[DI,31]": 155372.7087576373,
         "s[DI,32]": 175372.7087576373,
         "s[DI,33]": 195372.7087576373,
         "s[DI,34]": 215372.7087576373,
         "s[DI,35]": 235372.7087576373,
         "s[DI,36]": 100372.7087576373,
         "s[DI,37]": 120372.7087576373,
         "s[DI,38]": 140372.7087576373,
         "s[DI,39]": 160372.7087576373,
         "s[DI,40]": 180372.7087576373,
         "s[DI,41]": 33372.7087576373,
         "s[DI,42]": 53372.7087576373,
         "s[DI,43]": 73372.7087576373,
         "s[DI,44]": 93372.7087576373,
         "s[DI,45]": 113372.7087576373,
         "s[DI,46]": 133372.7087576373,
         "s[DI,47]": 153372.7087576373,
         "s[DI,48]": 173372.70875763724,
         "s[DI,49]": 193372.7087576373,
         "s[DI,50]": 213372.7087576373,
         "s[DI,51]": 233372.7087576373,
         "s[DI,52]": 118372.70875763727,
         "s[DI,53]": 138372.70875763727,
         "s[DI,54]": 158372.70875763727,
         "s[DI,55]": 178372.70875763727,
         "s[DI,56]": 198372.70875763727,
         "s[DI,57]": 218372.7087576363,
         "s[DI,58]": 238372.70875763815,
         "s[DI,59]": 91372.70875763729,
         "s[DI,60]": 111372.70875763729,
         "s[DI,61]": 30000.0
      },
      "g": {
         "g[FU,5,DESCON_1]": 170000.0000000004,
         "g[FU,33,DESCON_1]": 8.731149137020111e-11,
         "g[FU,54,DESCON_3]": 5.820766091346741e-11,
         "g[FU,56,DESCON_1]": 178000.0,
         "g[FU,61,DESCON_2]": 100000.00000000012,
         "g[DI,8,DESCON_1]": 180000.0,
         "g[DI,18,DESCON_3]": 110627.29124236296,
         "g[DI,57,DESCON_2]": 3.2014213502407074e-10,
         "g[DI,57,DESCON_3]": 3.2014213502407074e-10,
         "g[DI,57,DESCON_4]": 3.2014213502407074e-10,
         "g[DI,58,DESCON_2]": 3.2014213502407074e-10,
         "g[DI,58,DESCON_3]": 3.2014213502407074e-10,
         "g[DI,58,DESCON_4]": 3.2014213502407074e-10,
         "g[DI,59,DESCON_2]": 3.2014213502407074e-10,
         "g[DI,59,DESCON_3]": 3.2014213502407074e-10,
         "g[DI,59,DESCON_4]": 3.2014213502407074e-10,
         "g[DI,61,DESCON_4]": 101372.7087576373
      },
      "z": {
         "z[1001,27]": 1.0,
         "z[3001,16]": 1.0,
         "z[5001,41]": 1.0,
         "z[5002,59]": 1.0,
         "z[6001,36]": 1.0,
         "z[6002,52]": 1.0
      }
   }
}